,Year,Month,Organic Traffic,Conversions,Conversion Value
0,2019.0,January,12915,696,63831.0
1,,February,13146,738,69849.0
2,,March,16821,987,97176.0
3,,April,18345,1200,111106.05
4,,May,18309,1389,133471.26
5,,June,20283,1356,131782.38
6,,July,21384,1683,161431.83000000002
7,,August,23742,2265,224300.1
8,,September,38955,2628,257962.65
9,,October,45750,3126,309433.38
10,,November,57201,3462,340254.03
11,,December,63573,3714,366868.23
12,2020.0,January,68376,3747,367330.23
13,,February,69735,4044,403570.35
14,,March,89424,3729,372693.0
15,,April,97191,4710,466509.63
16,,May,97152,6549,648113.97
17,,June,107997,7446,745036.4400000001
18,,July,113631,9021,894055.74
19,,August,126264,8136,811488.0
20,,September,207027,10560,1052050.68
21,,October,243540,10794,1073315.67
22,,November,304371,11304,1126505.04
23,,December,338196,12162,1209610.9500000002
24,2021.0,January,363708,17292,1722680.0100000002
25,,February,371124,19842,1980666.36
26,,March,475800,23805,2376496.02
27,,April,517116,26205,2614319.61
28,,May,517089,27981,2796898.5300000003
29,,June,574584,28212,2818299.24
30,,July,604860,25236,2521557.0
31,,August,672057,37641,3758925.54
32,,September,1101660,37485,3743847.54
33,,October,1296036,41379,4134568.5
34,,November,1620027,57474,5747169.18
35,,December,1800063,66165,6609511.41
